

INSERT INTO VENDOR (VENDOR_ID, VENDOR_NAME, VENDOR_ADDRESS, VENDOR_CITY, VENDOR_STATE, VENDOR_ZIP, VENDOR_POC, VENDOR_PHONE, PAYMENT_TYPE, VENDOR_BANK, VENDOR_EIN) VALUES('001','X-Project','123 Xavier Mansion Rd','Boston','MA','12345','weaponx@gmail.com','4505647891','EFT','Martian','466231589');
INSERT INTO VENDOR (VENDOR_ID, VENDOR_NAME, VENDOR_ADDRESS, VENDOR_CITY, VENDOR_STATE, VENDOR_ZIP, VENDOR_POC, VENDOR_PHONE, PAYMENT_TYPE, VENDOR_BANK, VENDOR_EIN) VALUES('002','Branco EP','45 Edge Wood St','Cleveland','OH','89425','sales@brancoep.com','623895623','EFT','Webster','346852672');
INSERT INTO VENDOR (VENDOR_ID, VENDOR_NAME, VENDOR_ADDRESS, VENDOR_CITY, VENDOR_STATE, VENDOR_ZIP, VENDOR_POC, VENDOR_PHONE, PAYMENT_TYPE, VENDOR_BANK, VENDOR_EIN) VALUES('003','SwiftRide','12-14 Inner Circle ','Salt City','VA','06897','srl@swiftride.com','895425632','C','Bank of America','046527961');
INSERT INTO VENDOR (VENDOR_ID, VENDOR_NAME, VENDOR_ADDRESS, VENDOR_CITY, VENDOR_STATE, VENDOR_ZIP, VENDOR_POC, VENDOR_PHONE, PAYMENT_TYPE, VENDOR_BANK, VENDOR_EIN) VALUES('004','CarrInfinite','45 Draxx Hill Rd','Alpine City','VT','15469','rtomax@carrinfinite.com','8649236236','EFT','TD Bank','823497923');
INSERT INTO VENDOR (VENDOR_ID, VENDOR_NAME, VENDOR_ADDRESS, VENDOR_CITY, VENDOR_STATE, VENDOR_ZIP, VENDOR_POC, VENDOR_PHONE, PAYMENT_TYPE, VENDOR_BANK, VENDOR_EIN) VALUES('005','Soala','156 Brent St','Ridgefield','CT','08645','bestsr@soala.com','7894521642','EFT','Orien SD','856923467');
INSERT INTO VENDOR (VENDOR_ID, VENDOR_NAME, VENDOR_ADDRESS, VENDOR_CITY, VENDOR_STATE, VENDOR_ZIP, VENDOR_POC, VENDOR_PHONE, PAYMENT_TYPE, VENDOR_BANK, VENDOR_EIN) VALUES('006','Braccko','89 Upper Avenue','Newburgh','MN','63813','mnr@braccko.com','9567531458','C','ION Bank','346167926');
INSERT INTO VENDOR (VENDOR_ID, VENDOR_NAME, VENDOR_ADDRESS, VENDOR_CITY, VENDOR_STATE, VENDOR_ZIP, VENDOR_POC, VENDOR_PHONE, PAYMENT_TYPE, VENDOR_BANK, VENDOR_EIN) VALUES('007','El Sarro','78th Chain St','Belco','Vatenar','12467-46','snp@elsarro.com','8942164731','OB','RANC','654289624');
INSERT INTO VENDOR (VENDOR_ID, VENDOR_NAME, VENDOR_ADDRESS, VENDOR_CITY, VENDOR_STATE, VENDOR_ZIP, VENDOR_POC, VENDOR_PHONE, PAYMENT_TYPE, VENDOR_BANK, VENDOR_EIN) VALUES('008','Wheel OB','25 Eye Drive','Brains City','Batcov','07946','revact@wheelob.com','7231694823','OB','Bank Blood Tipping','245631897');
INSERT INTO VENDOR (VENDOR_ID, VENDOR_NAME, VENDOR_ADDRESS, VENDOR_CITY, VENDOR_STATE, VENDOR_ZIP, VENDOR_POC, VENDOR_PHONE, PAYMENT_TYPE, VENDOR_BANK, VENDOR_EIN) VALUES('009','GEN rite','124 Woodbury St','BrokersHill','CT','06712','sales@genritemoto.com','3246578916','EFT','RT Cheddar','421648921');
INSERT INTO VENDOR (VENDOR_ID, VENDOR_NAME, VENDOR_ADDRESS, VENDOR_CITY, VENDOR_STATE, VENDOR_ZIP, VENDOR_POC, VENDOR_PHONE, PAYMENT_TYPE, VENDOR_BANK, VENDOR_EIN) VALUES('010','Auto ELL','85 Recko St','Jacks City','TX','327891','newsrp@autoell.com','7853142691','EFT','First Global','821649723');
INSERT INTO VENDOR (VENDOR_ID, VENDOR_NAME, VENDOR_ADDRESS, VENDOR_CITY, VENDOR_STATE, VENDOR_ZIP, VENDOR_POC, VENDOR_PHONE, PAYMENT_TYPE, VENDOR_BANK, VENDOR_EIN) VALUES('999','SenSOAR','1001 Main St','Torrington','CT','06790','anthony@senSOAR.com','7853142444','EFT','Last Global','347649723');


INSERT INTO PARTS (PART_ID, VENDOR_ID, PART_DESC, UNIT_COST, PARTS_STATUS) VALUES('001-1556144061','001','ADAMANTIUM STEEL',150.00, 'I' );
INSERT INTO PARTS (PART_ID, VENDOR_ID, PART_DESC, UNIT_COST, PARTS_STATUS) VALUES('001-1556200002','001','ADAMANTIUM STEEL',150.00, 'I');
INSERT INTO PARTS (PART_ID, VENDOR_ID, PART_DESC, UNIT_COST, PARTS_STATUS) VALUES('001-1556200003','001','ADAMANTIUM STEEL',150.00, 'M');
INSERT INTO PARTS (PART_ID, VENDOR_ID, PART_DESC, UNIT_COST, PARTS_STATUS) VALUES('001-1556200004','001','ADAMANTIUM STEEL',150.00, 'M');
INSERT INTO PARTS (PART_ID, VENDOR_ID, PART_DESC, UNIT_COST, PARTS_STATUS) VALUES('001-1556200005','001','ADAMANTIUM STEEL',150.00, 'M');
INSERT INTO PARTS (PART_ID, VENDOR_ID, PART_DESC, UNIT_COST, PARTS_STATUS) VALUES('001-1556200006','001','ADAMANTIUM STEEL',150.00, 'I');
INSERT INTO PARTS (PART_ID, VENDOR_ID, PART_DESC, UNIT_COST, PARTS_STATUS) VALUES('001-1556200007','001','ADAMANTIUM STEEL',150.00, 'I');
INSERT INTO PARTS (PART_ID, VENDOR_ID, PART_DESC, UNIT_COST, PARTS_STATUS) VALUES('001-1556200008','001','ADAMANTIUM STEEL',150.00, 'I');
INSERT INTO PARTS (PART_ID, VENDOR_ID, PART_DESC, UNIT_COST, PARTS_STATUS) VALUES('001-1556200009','001','ADAMANTIUM STEEL',150.00, 'M');
INSERT INTO PARTS (PART_ID, VENDOR_ID, PART_DESC, UNIT_COST, PARTS_STATUS) VALUES('003-1556144555','006','WOOD',25.00, 'I');
INSERT INTO PARTS (PART_ID, VENDOR_ID, PART_DESC, UNIT_COST, PARTS_STATUS) VALUES('003-1556144556','006','WOOD',25.00, 'I');
INSERT INTO PARTS (PART_ID, VENDOR_ID, PART_DESC, UNIT_COST, PARTS_STATUS) VALUES('003-1556144557','006','WOOD',25.00, 'M');
INSERT INTO PARTS (PART_ID, VENDOR_ID, PART_DESC, UNIT_COST, PARTS_STATUS) VALUES('003-1556144558','006','WOOD',25.00, 'I');
INSERT INTO PARTS (PART_ID, VENDOR_ID, PART_DESC, UNIT_COST, PARTS_STATUS) VALUES('003-1556377500','009','WOOD',25.00, 'I');
INSERT INTO PARTS (PART_ID, VENDOR_ID, PART_DESC, UNIT_COST, PARTS_STATUS) VALUES('003-1556377501','009','WOOD',25.00, 'M');
INSERT INTO PARTS (PART_ID, VENDOR_ID, PART_DESC, UNIT_COST, PARTS_STATUS) VALUES('003-1556377502','009','WOOD',25.00, 'I');
INSERT INTO PARTS (PART_ID, VENDOR_ID, PART_DESC, UNIT_COST, PARTS_STATUS) VALUES('003-1556377503','009','WOOD',25.00, 'I');
INSERT INTO PARTS (PART_ID, VENDOR_ID, PART_DESC, UNIT_COST, PARTS_STATUS) VALUES('003-1556377504','009','WOOD',25.00, 'M');
INSERT INTO PARTS (PART_ID, VENDOR_ID, PART_DESC, UNIT_COST, PARTS_STATUS) VALUES('003-1556377505','009','WOOD',25.00, 'I');
INSERT INTO PARTS (PART_ID, VENDOR_ID, PART_DESC, UNIT_COST, PARTS_STATUS) VALUES('003-1556377506','009','WOOD',25.00, 'I');
INSERT INTO PARTS (PART_ID, VENDOR_ID, PART_DESC, UNIT_COST, PARTS_STATUS) VALUES('003-1556377507','009','WOOD',25.00, 'I');

INSERT INTO PARTS (PART_ID, VENDOR_ID, PART_DESC, UNIT_COST, PARTS_STATUS) VALUES('002-1536207506','005','PLASTIC',30.00, 'I');
INSERT INTO PARTS (PART_ID, VENDOR_ID, PART_DESC, UNIT_COST, PARTS_STATUS) VALUES('002-1536207505','005','PLASTIC',30.00, 'I');
INSERT INTO PARTS (PART_ID, VENDOR_ID, PART_DESC, UNIT_COST, PARTS_STATUS) VALUES('002-1536207504','005','PLASTIC',30.00, 'I');
INSERT INTO PARTS (PART_ID, VENDOR_ID, PART_DESC, UNIT_COST, PARTS_STATUS) VALUES('002-1536207503','005','PLASTIC',30.00, 'M');
INSERT INTO PARTS (PART_ID, VENDOR_ID, PART_DESC, UNIT_COST, PARTS_STATUS) VALUES('002-1536207502','005','PLASTIC',30.00, 'M');
INSERT INTO PARTS (PART_ID, VENDOR_ID, PART_DESC, UNIT_COST, PARTS_STATUS) VALUES('004-1576600001','008','PAINT',10.00, 'I');
INSERT INTO PARTS (PART_ID, VENDOR_ID, PART_DESC, UNIT_COST, PARTS_STATUS) VALUES('004-1576600002','008','PAINT',10.00, 'I');
INSERT INTO PARTS (PART_ID, VENDOR_ID, PART_DESC, UNIT_COST, PARTS_STATUS) VALUES('004-1576600003','008','PAINT',10.00, 'M');
INSERT INTO PARTS (PART_ID, VENDOR_ID, PART_DESC, UNIT_COST, PARTS_STATUS) VALUES('004-1576600004','008','PAINT',10.00, 'M');
INSERT INTO PARTS (PART_ID, VENDOR_ID, PART_DESC, UNIT_COST, PARTS_STATUS) VALUES('004-1576600005','008','PAINT',10.00, 'I');
INSERT INTO PARTS (PART_ID, VENDOR_ID, PART_DESC, UNIT_COST, PARTS_STATUS) VALUES('004-1576600006','008','PAINT',10.00, 'I');
INSERT INTO PARTS (PART_ID, VENDOR_ID, PART_DESC, UNIT_COST, PARTS_STATUS) VALUES('004-1576600007','008','PAINT',10.00, 'M');
INSERT INTO PARTS (PART_ID, VENDOR_ID, PART_DESC, UNIT_COST, PARTS_STATUS) VALUES('008-1532500001','999','SAURON-AI',1500.00, 'I');
INSERT INTO PARTS (PART_ID, VENDOR_ID, PART_DESC, UNIT_COST, PARTS_STATUS) VALUES('008-1532500002','999','SAURON-AI',1500.00, 'M');
INSERT INTO PARTS (PART_ID, VENDOR_ID, PART_DESC, UNIT_COST, PARTS_STATUS) VALUES('008-1532500003','999','SAURON-AI',1500.00, 'I');
INSERT INTO PARTS (PART_ID, VENDOR_ID, PART_DESC, UNIT_COST, PARTS_STATUS) VALUES('008-1532500004','999','SAURON-AI',1500.00, 'M');
INSERT INTO PARTS (PART_ID, VENDOR_ID, PART_DESC, UNIT_COST, PARTS_STATUS) VALUES('008-1532500005','999','SAURON-AI',1500.00, 'I');
INSERT INTO PARTS (PART_ID, VENDOR_ID, PART_DESC, UNIT_COST, PARTS_STATUS) VALUES('008-1532500006','999','SAURON-AI',1500.00, 'M');
INSERT INTO PARTS (PART_ID, VENDOR_ID, PART_DESC, UNIT_COST, PARTS_STATUS) VALUES('008-1532500007','999','SAURON-AI',1500.00, 'I');
INSERT INTO PARTS (PART_ID, VENDOR_ID, PART_DESC, UNIT_COST, PARTS_STATUS) VALUES('008-1586208757','999','SAURON-AI',1500.00, 'I');
INSERT INTO PARTS (PART_ID, VENDOR_ID, PART_DESC, UNIT_COST, PARTS_STATUS) VALUES('006-1556600501','004','DRAGON GLASS',40.00, 'I');
INSERT INTO PARTS (PART_ID, VENDOR_ID, PART_DESC, UNIT_COST, PARTS_STATUS) VALUES('006-1556600502','004','DRAGON GLASS',40.00, 'M');
INSERT INTO PARTS (PART_ID, VENDOR_ID, PART_DESC, UNIT_COST, PARTS_STATUS) VALUES('006-1556600503','004','DRAGON GLASS',40.00, 'I');
INSERT INTO PARTS (PART_ID, VENDOR_ID, PART_DESC, UNIT_COST, PARTS_STATUS) VALUES('006-1556600504','004','DRAGON GLASS',40.00, 'M');
INSERT INTO PARTS (PART_ID, VENDOR_ID, PART_DESC, UNIT_COST, PARTS_STATUS) VALUES('006-1556600505','004','DRAGON GLASS',40.00, 'I');
INSERT INTO PARTS (PART_ID, VENDOR_ID, PART_DESC, UNIT_COST, PARTS_STATUS) VALUES('006-1556600506','004','DRAGON GLASS',40.00, 'M');
INSERT INTO PARTS (PART_ID, VENDOR_ID, PART_DESC, UNIT_COST, PARTS_STATUS) VALUES('006-1556600507','004','DRAGON GLASS',40.00, 'I');
INSERT INTO PARTS (PART_ID, VENDOR_ID, PART_DESC, UNIT_COST, PARTS_STATUS) VALUES('006-1556600508','004','DRAGON GLASS',40.00, 'M');
INSERT INTO PARTS (PART_ID, VENDOR_ID, PART_DESC, UNIT_COST, PARTS_STATUS) VALUES('005-1556285290','003','COPPER',50.00, 'I');
INSERT INTO PARTS (PART_ID, VENDOR_ID, PART_DESC, UNIT_COST, PARTS_STATUS) VALUES('005-1556285291','003','COPPER',50.00, 'M');
INSERT INTO PARTS (PART_ID, VENDOR_ID, PART_DESC, UNIT_COST, PARTS_STATUS) VALUES('005-1556285292','003','COPPER',50.00, 'I');
INSERT INTO PARTS (PART_ID, VENDOR_ID, PART_DESC, UNIT_COST, PARTS_STATUS) VALUES('005-1556285293','003','COPPER',50.00, 'M');
INSERT INTO PARTS (PART_ID, VENDOR_ID, PART_DESC, UNIT_COST, PARTS_STATUS) VALUES('005-1556285294','003','COPPER',50.00, 'I');
INSERT INTO PARTS (PART_ID, VENDOR_ID, PART_DESC, UNIT_COST, PARTS_STATUS) VALUES('005-1556285295','003','COPPER',50.00, 'M');
INSERT INTO PARTS (PART_ID, VENDOR_ID, PART_DESC, UNIT_COST, PARTS_STATUS) VALUES('005-1556285296','003','COPPER',50.00, 'I');
INSERT INTO PARTS (PART_ID, VENDOR_ID, PART_DESC, UNIT_COST, PARTS_STATUS) VALUES('007-1576144061','007','GLUE',15.00, 'I');
INSERT INTO PARTS (PART_ID, VENDOR_ID, PART_DESC, UNIT_COST, PARTS_STATUS) VALUES('007-1576144062','007','GLUE',15.00, 'M');
INSERT INTO PARTS (PART_ID, VENDOR_ID, PART_DESC, UNIT_COST, PARTS_STATUS) VALUES('007-1576144063','007','GLUE',15.00, 'I');
INSERT INTO PARTS (PART_ID, VENDOR_ID, PART_DESC, UNIT_COST, PARTS_STATUS) VALUES('007-1576144064','007','GLUE',15.00, 'M');
INSERT INTO PARTS (PART_ID, VENDOR_ID, PART_DESC, UNIT_COST, PARTS_STATUS) VALUES('007-1576144065','007','GLUE',15.00, 'I');
INSERT INTO PARTS (PART_ID, VENDOR_ID, PART_DESC, UNIT_COST, PARTS_STATUS) VALUES('007-1576144066','007','GLUE',15.00, 'M');
INSERT INTO PARTS (PART_ID, VENDOR_ID, PART_DESC, UNIT_COST, PARTS_STATUS) VALUES('007-1576144067','007','GLUE',15.00, 'M');
INSERT INTO PARTS (PART_ID, VENDOR_ID, PART_DESC, UNIT_COST, PARTS_STATUS) VALUES('007-1576144068','007','GLUE',15.00, 'M');
INSERT INTO PARTS (PART_ID, VENDOR_ID, PART_DESC, UNIT_COST, PARTS_STATUS) VALUES('009-1567005120','002','SCREWS',10.00, 'I');
INSERT INTO PARTS (PART_ID, VENDOR_ID, PART_DESC, UNIT_COST, PARTS_STATUS) VALUES('009-1567005121','002','SCREWS',10.00, 'M');
INSERT INTO PARTS (PART_ID, VENDOR_ID, PART_DESC, UNIT_COST, PARTS_STATUS) VALUES('009-1567005122','002','SCREWS',10.00, 'I');
INSERT INTO PARTS (PART_ID, VENDOR_ID, PART_DESC, UNIT_COST, PARTS_STATUS) VALUES('009-1567005123','002','SCREWS',10.00, 'M');
INSERT INTO PARTS (PART_ID, VENDOR_ID, PART_DESC, UNIT_COST, PARTS_STATUS) VALUES('009-1567005124','002','SCREWS',10.00, 'I');
INSERT INTO PARTS (PART_ID, VENDOR_ID, PART_DESC, UNIT_COST, PARTS_STATUS) VALUES('009-1567005125','002','SCREWS',10.00, 'M');
INSERT INTO PARTS (PART_ID, VENDOR_ID, PART_DESC, UNIT_COST, PARTS_STATUS) VALUES('009-1567005126','002','SCREWS',10.00, 'I');
INSERT INTO PARTS (PART_ID, VENDOR_ID, PART_DESC, UNIT_COST, PARTS_STATUS) VALUES('009-1567005127','002','SCREWS',10.00, 'I');
INSERT INTO PARTS (PART_ID, VENDOR_ID, PART_DESC, UNIT_COST, PARTS_STATUS) VALUES('009-1567005128','002','SCREWS',10.00, 'I');
INSERT INTO PARTS (PART_ID, VENDOR_ID, PART_DESC, UNIT_COST, PARTS_STATUS) VALUES('010-1556146770','010','FLUX CAPICATOR',1000.00, 'I');
INSERT INTO PARTS (PART_ID, VENDOR_ID, PART_DESC, UNIT_COST, PARTS_STATUS) VALUES('010-1556146771','010','FLUX CAPICATOR',1000.00, 'M');
INSERT INTO PARTS (PART_ID, VENDOR_ID, PART_DESC, UNIT_COST, PARTS_STATUS) VALUES('010-1556146772','010','FLUX CAPICATOR',1000.00, 'I');
INSERT INTO PARTS (PART_ID, VENDOR_ID, PART_DESC, UNIT_COST, PARTS_STATUS) VALUES('010-1556146773','010','FLUX CAPICATOR',1000.00, 'M');
INSERT INTO PARTS (PART_ID, VENDOR_ID, PART_DESC, UNIT_COST, PARTS_STATUS) VALUES('010-1556146774','010','FLUX CAPICATOR',1000.00, 'I');
INSERT INTO PARTS (PART_ID, VENDOR_ID, PART_DESC, UNIT_COST, PARTS_STATUS) VALUES('010-1556146775','010','FLUX CAPICATOR',1000.00, 'M');
INSERT INTO PARTS (PART_ID, VENDOR_ID, PART_DESC, UNIT_COST, PARTS_STATUS) VALUES('010-1556146776','010','FLUX CAPICATOR',1000.00, 'I');


INSERT INTO PRODUCT (PRODUCT_ID, PRODUCT_DESC, DATE_OF_MAN, SHIP_STATUS) VALUES('MER0000001N','MERCDEZ A-CLASS 2019 NEW','2019-04-24', 'I');
INSERT INTO PRODUCT (PRODUCT_ID, PRODUCT_DESC, DATE_OF_MAN, SHIP_STATUS) VALUES('CHE0000001R','CHEVY 2013 SILVERADO RETRO','2019-04-24', 'I');
INSERT INTO PRODUCT (PRODUCT_ID, PRODUCT_DESC, DATE_OF_MAN, SHIP_STATUS) VALUES('FOR0000001N','FORD F150 2018 NEW','2019-03-25', 'I');
INSERT INTO PRODUCT (PRODUCT_ID, PRODUCT_DESC, DATE_OF_MAN, SHIP_STATUS) VALUES('MIT0000001R','MITSUBHI OUTLANDER 2015 RETRO','2018-02-26', 'I');
INSERT INTO PRODUCT (PRODUCT_ID, PRODUCT_DESC, DATE_OF_MAN, SHIP_STATUS) VALUES('POR0000001N','PORSCHE BOXSTER 2020 NEW','2019-01-26', 'I');
INSERT INTO PRODUCT (PRODUCT_ID, PRODUCT_DESC, DATE_OF_MAN, SHIP_STATUS) VALUES('JAG0000001N','JAGUAR XF 2019 NEW','2019-04-27', 'I');
INSERT INTO PRODUCT (PRODUCT_ID, PRODUCT_DESC, DATE_OF_MAN, SHIP_STATUS) VALUES('KIA0000001R','KIA SPECTRA 2014 RETRO','2017-10-27', 'I');
INSERT INTO PRODUCT (PRODUCT_ID, PRODUCT_DESC, DATE_OF_MAN, SHIP_STATUS) VALUES('POR0000002N','PORSCHE MACAN 2019 NEW','2019-04-28', 'I');
INSERT INTO PRODUCT (PRODUCT_ID, PRODUCT_DESC, DATE_OF_MAN, SHIP_STATUS) VALUES('MER0000002N','MERCDEZ A-CLASS 2019 NEW','2019-04-24', 'I');
INSERT INTO PRODUCT (PRODUCT_ID, PRODUCT_DESC, DATE_OF_MAN, SHIP_STATUS) VALUES('KIA0000002N','KIA STINGER 2019 NEW','2019-03-29', 'I');
INSERT INTO PRODUCT (PRODUCT_ID, PRODUCT_DESC, DATE_OF_MAN, SHIP_STATUS) VALUES('CHE0000002N','CHEVY VOLT 2020 NEW','2019-01-30', 'I');

INSERT INTO PARTSOFPRODUCT (PRODUCT_ID, PART_ID) VALUES('MER0000001N','001-1556200005');
INSERT INTO PARTSOFPRODUCT (PRODUCT_ID, PART_ID) VALUES('MER0000001N','001-1556144061');
INSERT INTO PARTSOFPRODUCT (PRODUCT_ID, PART_ID) VALUES('CHE0000001R','001-1556144061');
INSERT INTO PARTSOFPRODUCT (PRODUCT_ID, PART_ID) VALUES('FOR0000001N','005-1556285290');
INSERT INTO PARTSOFPRODUCT (PRODUCT_ID, PART_ID) VALUES('FOR0000001N','003-1556144555');
INSERT INTO PARTSOFPRODUCT (PRODUCT_ID, PART_ID) VALUES('JAG0000001N','008-1532500007');
INSERT INTO PARTSOFPRODUCT (PRODUCT_ID, PART_ID) VALUES('POR0000002N','010-1556146771');
INSERT INTO PARTSOFPRODUCT (PRODUCT_ID, PART_ID) VALUES('KIA0000001R','002-1536207506');
INSERT INTO PARTSOFPRODUCT (PRODUCT_ID, PART_ID) VALUES('KIA0000001R','003-1556377500');
INSERT INTO PARTSOFPRODUCT (PRODUCT_ID, PART_ID) VALUES('MIT0000001R','004-1576600004');
INSERT INTO PARTSOFPRODUCT (PRODUCT_ID, PART_ID) VALUES('POR0000001N','005-1556285290');
INSERT INTO PARTSOFPRODUCT (PRODUCT_ID, PART_ID) VALUES('POR0000001N','010-1556146771');
INSERT INTO PARTSOFPRODUCT (PRODUCT_ID, PART_ID) VALUES('CHE0000002N','009-1567005120');
INSERT INTO PARTSOFPRODUCT (PRODUCT_ID, PART_ID) VALUES('CHE0000002N','008-1586208757');
INSERT INTO PARTSOFPRODUCT (PRODUCT_ID, PART_ID) VALUES('KIA0000002N','007-1576144061');
INSERT INTO PARTSOFPRODUCT (PRODUCT_ID, PART_ID) VALUES('CHE0000002N','006-1556600508');


INSERT INTO EMPLOYEE (EE_ID, EE_FNAME, EE_LNAME, EE_SOCSEC, EE_ADDRESS, EE_STATE, EE_CITY, EE_ZIP, EE_PHONENUM, EE_DEPT) VALUES ('1001', 'Michael', 'King','000000001', '1 A Street', 'CT', 'Torrington', '06790', '8605557777', 'Sales');
INSERT INTO EMPLOYEE (EE_ID, EE_FNAME, EE_LNAME, EE_SOCSEC, EE_ADDRESS, EE_STATE, EE_CITY, EE_ZIP, EE_PHONENUM, EE_DEPT) VALUES ('1002', 'Joe', 'Smith', '000000002', '1 A Street', 'CT', 'Torrington', '06790', '8605557777', 'Sales');
INSERT INTO EMPLOYEE (EE_ID, EE_FNAME, EE_LNAME, EE_SOCSEC, EE_ADDRESS, EE_STATE, EE_CITY, EE_ZIP, EE_PHONENUM, EE_DEPT) VALUES ('1003', 'George', 'Brown', '000000003', '1 A Street', 'CT', 'Torrington', '06790', '8605557777', 'Sales');
INSERT INTO EMPLOYEE (EE_ID, EE_FNAME, EE_LNAME, EE_SOCSEC, EE_ADDRESS, EE_STATE, EE_CITY, EE_ZIP, EE_PHONENUM, EE_DEPT) VALUES ('1004',  'Betty', 'Richards', '000000004', '1 A Street', 'CT', 'Torrington', '06790', '8605557777', 'Sales');
INSERT INTO EMPLOYEE (EE_ID, EE_FNAME, EE_LNAME, EE_SOCSEC, EE_ADDRESS, EE_STATE, EE_CITY, EE_ZIP, EE_PHONENUM, EE_DEPT) VALUES ('1005', 'Carlos', 'Johnson', '000000005', '1 A Street', 'CT', 'Torrington', '06790', '8605557777', 'Sales');
INSERT INTO EMPLOYEE (EE_ID, EE_FNAME, EE_LNAME, EE_SOCSEC, EE_ADDRESS, EE_STATE, EE_CITY, EE_ZIP, EE_PHONENUM, EE_DEPT) VALUES ('1006', 'Terry', 'Williams', '000000006', '1 A Street', 'CT', 'Torrington', '06790', '8605557777', 'Sales');
INSERT INTO EMPLOYEE (EE_ID, EE_FNAME, EE_LNAME, EE_SOCSEC, EE_ADDRESS, EE_STATE, EE_CITY, EE_ZIP, EE_PHONENUM, EE_DEPT) VALUES ('1007', 'Melissa', 'Taylor', '000000007', '1 A Street', 'CT', 'Torrington', '06790', '8605557777', 'Sales');
INSERT INTO EMPLOYEE (EE_ID, EE_FNAME, EE_LNAME, EE_SOCSEC, EE_ADDRESS, EE_STATE, EE_CITY, EE_ZIP, EE_PHONENUM, EE_DEPT) VALUES ('1008', 'Tom', 'Wilson', '000000008', '1 A Street', 'CT', 'Torrington', '06790', '8605557777', 'Sales');
INSERT INTO EMPLOYEE (EE_ID, EE_FNAME, EE_LNAME, EE_SOCSEC, EE_ADDRESS, EE_STATE, EE_CITY, EE_ZIP, EE_PHONENUM, EE_DEPT) VALUES ('1009', 'Kathy', 'Rodriguez', '000000009', '1 A Street', 'CT', 'Torrington', '06790', '8605557777', 'Sales');
INSERT INTO EMPLOYEE (EE_ID, EE_FNAME, EE_LNAME, EE_SOCSEC, EE_ADDRESS, EE_STATE, EE_CITY, EE_ZIP, EE_PHONENUM, EE_DEPT) VALUES ('1010', 'Susan', 'Miller', '000000010', '1 A Street', 'CT', 'Torrington', '06790', '8605557777', 'Sales');

INSERT INTO CUSTOMER (CUS_NUM, CUS_NAME, CUS_BILL_STREET, CUS_BILL_CITY, CUS_BILL_STATE, CUS_BILL_ZIP, CUS_BILL_POC, CUS_BILL_PHONE, CUS_BILL_EMAIL, CUS_SHIP_STREET, CUS_SHIP_CITY, CUS_SHIP_STATE, CUS_SHIP_ZIP, CUS_SHIP_POC, CUS_SHIP_PHONE, CUS_SHIP_EMAIL) VALUES ('100101','Audi','9 Old Mill Rd','Londonderry','NH','03053','Liam Northfold', '6035557563', 'billing@audi.com', '2332 South Street', 'Springfield', 'MA', '01101', 'Kasuma Sujata', '4135557563', 'shipping@audi.com');
INSERT INTO CUSTOMER (CUS_NUM, CUS_NAME, CUS_BILL_STREET, CUS_BILL_CITY, CUS_BILL_STATE, CUS_BILL_ZIP, CUS_BILL_POC, CUS_BILL_PHONE, CUS_BILL_EMAIL, CUS_SHIP_STREET, CUS_SHIP_CITY, CUS_SHIP_STATE, CUS_SHIP_ZIP, CUS_SHIP_POC, CUS_SHIP_PHONE, CUS_SHIP_EMAIL) VALUES ('100102','BMW', '164South Bend Rd','Lowell','MA','01854', 'Ryan Goff', '7815558423', 'billing@bmw.com', '345 Lower Avenue', 'Wolcott', 'NY', '14590', 'Kyle McLean', '5855555321', 'shipping@bmw.com');
INSERT INTO CUSTOMER (CUS_NUM, CUS_NAME, CUS_BILL_STREET, CUS_BILL_CITY, CUS_BILL_STATE, CUS_BILL_ZIP, CUS_BILL_POC, CUS_BILL_PHONE, CUS_BILL_EMAIL, CUS_SHIP_STREET, CUS_SHIP_CITY, CUS_SHIP_STATE, CUS_SHIP_ZIP, CUS_SHIP_POC, CUS_SHIP_PHONE, CUS_SHIP_EMAIL) VALUES ('100103','GMC', '156 Scholar St', 'Johnston', 'RI', '02919', 'Joseph Morontoia', '4015554848', 'billing@gmc.com', '76 Cross Rd', 'Bath', 'NH', '03740', 'Quinn Marchand', '4015555321', 'shipping@gmc.com');
INSERT INTO CUSTOMER (CUS_NUM, CUS_NAME, CUS_BILL_STREET, CUS_BILL_CITY, CUS_BILL_STATE, CUS_BILL_ZIP, CUS_BILL_POC, CUS_BILL_PHONE, CUS_BILL_EMAIL, CUS_SHIP_STREET, CUS_SHIP_CITY, CUS_SHIP_STATE, CUS_SHIP_ZIP, CUS_SHIP_POC, CUS_SHIP_PHONE, CUS_SHIP_EMAIL) VALUES ('100104', 'Ford', '32 Sheep Stop St','Edinboro','PA','16412', 'Uschi Rulf', '8145555521', 'billing@ford.com', '10 Greenfield St', 'Rome', 'ME', '04963', 'Luc Jean', '8145551234', 'shipping@ford.com');
INSERT INTO CUSTOMER (CUS_NUM, CUS_NAME, CUS_BILL_STREET, CUS_BILL_CITY, CUS_BILL_STATE, CUS_BILL_ZIP, CUS_BILL_POC, CUS_BILL_PHONE, CUS_BILL_EMAIL, CUS_SHIP_STREET, CUS_SHIP_CITY, CUS_SHIP_STATE, CUS_SHIP_ZIP, CUS_SHIP_POC, CUS_SHIP_PHONE, CUS_SHIP_EMAIL) VALUES ('100105','Hyundai','65 Granite Rd','York','NY','14592','Martha Bers', '5855550111', 'billing@hyundai.com', '737 Highland Avenue', 'Somerville', 'MA', '02143', 'Laura Jones', '8575559643', 'shipping@hyundai.com');
INSERT INTO CUSTOMER (CUS_NUM, CUS_NAME, CUS_BILL_STREET, CUS_BILL_CITY, CUS_BILL_STATE, CUS_BILL_ZIP, CUS_BILL_POC, CUS_BILL_PHONE, CUS_BILL_EMAIL, CUS_SHIP_STREET, CUS_SHIP_CITY, CUS_SHIP_STATE, CUS_SHIP_ZIP, CUS_SHIP_POC, CUS_SHIP_PHONE, CUS_SHIP_EMAIL) VALUES ('100106', 'MINI','1282 Forest St','Edison','NJ','08226','Iris Murakami', '6095555231', 'billing@mini.com', '7 Cherry Blossom St', 'Weymouth', 'MA', '02188', 'Mike Clifton ', '6175556665', 'shipping@mini.com');
INSERT INTO CUSTOMER (CUS_NUM, CUS_NAME, CUS_BILL_STREET, CUS_BILL_CITY, CUS_BILL_STATE, CUS_BILL_ZIP, CUS_BILL_POC, CUS_BILL_PHONE, CUS_BILL_EMAIL, CUS_SHIP_STREET, CUS_SHIP_CITY, CUS_SHIP_STATE, CUS_SHIP_ZIP, CUS_SHIP_POC, CUS_SHIP_PHONE, CUS_SHIP_EMAIL) VALUES ('100107', 'Mercedes','18 Ark Ledge Ln','Londonberry','VT','05148','Clement Chau', '8025553096', 'billing@mercedes.com', '25 Stag Rd', 'Fairfield', 'CT', '06824', 'Larry Barnett', '8605559876', 'shipping@mercedes.com');
INSERT INTO CUSTOMER (CUS_NUM, CUS_NAME, CUS_BILL_STREET, CUS_BILL_CITY, CUS_BILL_STATE, CUS_BILL_ZIP, CUS_BILL_POC, CUS_BILL_PHONE, CUS_BILL_EMAIL, CUS_SHIP_STREET, CUS_SHIP_CITY, CUS_SHIP_STATE, CUS_SHIP_ZIP, CUS_SHIP_POC, CUS_SHIP_PHONE, CUS_SHIP_EMAIL) VALUES ('100108', 'Nissan','51 Fredrick Street','Albion','NY','14411','Becca Peterson', '5855550900', 'billing@nissan.com', '21 Industrial Ln', 'Albion', 'NY', '14411', 'Liam Henderson', '5855557600', 'shipping@nissan.com');
INSERT INTO CUSTOMER (CUS_NUM, CUS_NAME, CUS_BILL_STREET, CUS_BILL_CITY, CUS_BILL_STATE, CUS_BILL_ZIP, CUS_BILL_POC, CUS_BILL_PHONE, CUS_BILL_EMAIL, CUS_SHIP_STREET, CUS_SHIP_CITY, CUS_SHIP_STATE, CUS_SHIP_ZIP, CUS_SHIP_POC, CUS_SHIP_PHONE, CUS_SHIP_EMAIL) VALUES ('100109', 'TESLA', '12 Airport Road', 'South Windsor', 'CT', '06074', 'Joe Busa', '8575559876', 'billing@tesla.com', '154 Central Street', 'Vernon', 'CT', '06066', 'Brianne Brown', '8605553234', 'shipping@tesla.com');
INSERT INTO CUSTOMER (CUS_NUM, CUS_NAME, CUS_BILL_STREET, CUS_BILL_CITY, CUS_BILL_STATE, CUS_BILL_ZIP, CUS_BILL_POC, CUS_BILL_PHONE, CUS_BILL_EMAIL, CUS_SHIP_STREET, CUS_SHIP_CITY, CUS_SHIP_STATE, CUS_SHIP_ZIP, CUS_SHIP_POC, CUS_SHIP_PHONE, CUS_SHIP_EMAIL) VALUES ('100110','TOYOTA', '132 South St', 'Manchester', 'RI', '03101','Orlagh Jefferson', '6035553476', 'billing@toyota.com', '5 Commercial Rd','Providence', 'RI', '03396', 'Arnold Ocean', '4015550036', 'shipping@toyota.com');


INSERT INTO PAYROLL (PAY_ID, EE_ID, EE_PAY_TYP1, EE_PAY_TYP2, MINUTES_WORKED, DATE_WORKED) VALUES ('2000','1001', '1','2', 4800 ,'2019-04-24');
INSERT INTO PAYROLL (PAY_ID, EE_ID, EE_PAY_TYP1, EE_PAY_TYP2, MINUTES_WORKED, DATE_WORKED) VALUES ('2001','1002', '1','2',4800,'2019-02-02');
INSERT INTO PAYROLL (PAY_ID, EE_ID, EE_PAY_TYP1, EE_PAY_TYP2, MINUTES_WORKED, DATE_WORKED) VALUES ('2002','1003', '1','2',4800,'2018-01-10');
INSERT INTO PAYROLL (PAY_ID, EE_ID, EE_PAY_TYP1, EE_PAY_TYP2, MINUTES_WORKED, DATE_WORKED) VALUES ('2003','1004', '1','2',4800,'2019-03-13');
INSERT INTO PAYROLL (PAY_ID, EE_ID, EE_PAY_TYP1, EE_PAY_TYP2, MINUTES_WORKED, DATE_WORKED) VALUES ('2004','1005', '1','2',4800,'2017-01-20');
INSERT INTO PAYROLL (PAY_ID, EE_ID, EE_PAY_TYP1, EE_PAY_TYP2, MINUTES_WORKED, DATE_WORKED) VALUES ('2005','1006', '1','2',4800,'2018-07-03');
INSERT INTO PAYROLL (PAY_ID, EE_ID, EE_PAY_TYP1, EE_PAY_TYP2, MINUTES_WORKED, DATE_WORKED) VALUES ('2006','1007', '1','2',4800,'2018-08-22');
INSERT INTO PAYROLL (PAY_ID, EE_ID, EE_PAY_TYP1, EE_PAY_TYP2, MINUTES_WORKED, DATE_WORKED) VALUES ('2007','1008', '1','2',4800,'2019-05-11');
INSERT INTO PAYROLL (PAY_ID, EE_ID, EE_PAY_TYP1, EE_PAY_TYP2, MINUTES_WORKED, DATE_WORKED) VALUES ('2008','1009', '1','2',4800,'2017-09-09');
INSERT INTO PAYROLL (PAY_ID, EE_ID, EE_PAY_TYP1, EE_PAY_TYP2, MINUTES_WORKED, DATE_WORKED) VALUES ('2009','1010', '1','2',4800,'2018-12-15');

INSERT INTO SALE (PO_NUM, CUS_NUM, EE_ID, SALES_UNITS, SALE_PRICE, SALE_DATE) VALUES('101', '100101', '1001',5,1000.99,'2017-09-09');
INSERT INTO SALE (PO_NUM, CUS_NUM, EE_ID, SALES_UNITS, SALE_PRICE, SALE_DATE) VALUES('102', '100102', '1002', 2,5000.65,'2018-01-15');
INSERT INTO SALE (PO_NUM, CUS_NUM, EE_ID, SALES_UNITS, SALE_PRICE, SALE_DATE) VALUES('103', '100103', '1003',3,7000.97,'2019-03-20');
INSERT INTO SALE (PO_NUM, CUS_NUM, EE_ID, SALES_UNITS, SALE_PRICE, SALE_DATE) VALUES('104', '100104','1004' ,1,8000.15,'2019-04-10');
INSERT INTO SALE (PO_NUM, CUS_NUM, EE_ID, SALES_UNITS, SALE_PRICE, SALE_DATE) VALUES('105', '100105','1005',9,9000.95,'2018-12-20');
INSERT INTO SALE (PO_NUM, CUS_NUM, EE_ID, SALES_UNITS, SALE_PRICE, SALE_DATE) VALUES('106', '100106','1006' ,5,3000.50,'2017-11-25');
INSERT INTO SALE (PO_NUM, CUS_NUM, EE_ID, SALES_UNITS, SALE_PRICE, SALE_DATE) VALUES('107', '100107','1007' ,6,7000.99,'2018-11-25');
INSERT INTO SALE (PO_NUM, CUS_NUM, EE_ID, SALES_UNITS, SALE_PRICE, SALE_DATE) VALUES('108', '100108','1008',6,8700.70,'2018-07-11');
INSERT INTO SALE (PO_NUM, CUS_NUM, EE_ID, SALES_UNITS, SALE_PRICE, SALE_DATE) VALUES('109', '100109','1009' ,10,8900.90,'2019-01-06');
INSERT INTO SALE (PO_NUM, CUS_NUM, EE_ID, SALES_UNITS, SALE_PRICE, SALE_DATE) VALUES('110', '100110','1010' ,3,8000.75,'2019-03-12');
